code,description,terminology,validate,transplant,dialysis,congenital
E102,Type 1 diabetes mellitus with renal complications​,ICD10,0,0,0,0
E112,Type 2 diabetes mellitus with renal complications​​,ICD10,0,0,0,0
E122,Malnutrition-related diabetes mellitus with renal complications​​,ICD10,0,0,0,0
E132,Other specified diabetes mellitus with renal complications​​,ICD10,0,0,0,0
E142,Unspecified diabetes mellitus with renal complications​​,ICD10,0,0,0,0
I120,Hypertensive renal disease with renal failure​​,ICD10,0,0,0,0
I129,Hypertensive renal disease without renal failure​​,ICD10,0,0,0,0
I130,Hypertensive heart and renal disease with (congestive) heart failure​​,ICD10,0,0,0,0
I131,Hypertensive heart and renal disease with renal failure​​,ICD10,0,0,0,0
I132,Hypertensive heart and renal disease with both (congestive) heart failure and renal failure​​,ICD10,0,0,0,0
I139,Hypertensive heart and renal disease unspecified​​,ICD10,0,0,0,0
I770,Arteriovenuous fistula​,ICD10,0,0,0,0
M103,Gout due to impairment of renal function​,ICD10,0,0,0,0
N00,Acute nephritic syndrome​,ICD10,1,0,0,0
N01,Rapidly progressive nephritic syndrome​,ICD10,1,0,0,0
N03,Chronic nephritic syndrome​,ICD10,0,0,0,0
N04,Nephrotic syndrome​,ICD10,0,0,0,0
N08,Glomerular disorders in diseases classified elsewhere​,ICD10,0,0,0,0
N19,Unspecified kidney failure​,ICD10,0,0,0,0
N052,Unspecified nephritic syndrome​,ICD10,1,0,0,0
N053,Unspecified nephritic syndrome​,ICD10,1,0,0,0
N054,Unspecified nephritic syndrome​,ICD10,1,0,0,0
N055,Unspecified nephritic syndrome​,ICD10,1,0,0,0
N056,Unspecified nephritic syndrome​,ICD10,1,0,0,0
N072,Hereditary nephropathy not elsewhere classified​,ICD10,0,0,0,0
N073,Hereditary nephropathy not elsewhere classified​,ICD10,0,0,0,0
N074,Hereditary nephropathy not elsewhere classified​,ICD10,0,0,0,0
N165,Renal tubulo-interstitial disorders in transplant rejection​​,ICD10,0,1,0,0
N181,Chronic kidney disease stage 1​,ICD10,0,0,0,0
N182,Chronic kidney disease stage 2​,ICD10,0,0,0,0
N183,Chronic kidney disease stage 3​,ICD10,0,0,0,0
N184,Chronic kidney disease stage 4​,ICD10,0,0,0,0
N185,Chronic kidney disease stage 5​,ICD10,0,0,0,0
N186,Patients with CKD requiring dialysis​​,ICD10,0,0,1,0
N189,Chronic kidney disease unspecified​,ICD10,0,0,0,0
T824,Mechanical complication of vascular dialysis catheter​​,ICD10,0,0,0,0
T861,Kidney transplant failure and rejection​,ICD10,0,1,0,0
Y602,During kidney dialysis or other perfusion​​,ICD10,0,0,1,0
Y612,During kidney dialysis or other perfusion​​,ICD10,0,0,1,0
Y622,During kidney dialysis or other perfusion​​,ICD10,0,0,1,0
Y841,Kidney dialysis​,ICD10,0,0,1,0
Z49,Care involving dialysis​,ICD10,0,0,0,0
Z490,Preparatory care for dialysis​,ICD10​,0,0,1,0
Z491,Extracorporeal dialysis​​,ICD10,0,0,1,0
Z492,Other dialysis​​,ICD10,0,0,1,0
Z940,Kidney transplant status​,ICD10,0,1,0,0
Z992,Dependence on renal dialysis​,ICD10,0,0,1,0
Q60,Renal agenesis and other reduction defects of kidney,ICD10​,0,0,0,1
Q61,Cystic kidney disease,ICD10​,0,0,0,1
Q62,Congenital obstructive defects of renal pelvis and congenital malformations of ureter,ICD10​,0,0,0,1
Q63,Other congenital malformations of kidney,ICD10​,0,0,0,1
Q64,Other congenital malformations of urinary system,ICD10​,0,0,0,1
Q794,Prune belly syndrome,ICD10​,0,0,0,1
P960,Congenital renal failure,ICD10​,0,0,0,1
676002,Peritoneal dialysis including cannulation (procedure),SNOMED,0,0,1,0
3257008,Empty and measure peritoneal dialysis fluid (procedure),SNOMED,0,0,1,0
14684005,Peritoneal dialysis excluding cannulation (procedure),SNOMED,0,0,1,0
33461007,Complication of peritoneal dialysis (disorder),SNOMED,0,0,1,0
34897002,Hemodialysis maintenance in hospital (procedure),SNOMED,0,0,1,0
40233000,Nephrotic-nephritic syndrome (disorder),SNOMED,0,0,0,0
44785005,Minimal change disease (disorder),SNOMED,0,0,0,0
46177005,End-stage renal disease (disorder),SNOMED,0,0,0,0
48796009,Congenital nephrotic syndrome (disorder),SNOMED,0,0,0,0
52213001,Renal homotransplantation excluding donor and recipient nephrectomy (procedure),SNOMED,0,1,0,0
52254009,Nephrotic syndrome (disorder),SNOMED,0,0,0,0
57274006,Initial hemodialysis (procedure),SNOMED,0,0,1,0
58797008,Complication of transplanted kidney (disorder),SNOMED,0,1,0,0
67970008,Hemodialysis maintenance at home (procedure),SNOMED,0,0,1,0
68341005,Hemodialysis supervision at home (procedure),SNOMED,0,0,1,0
70536003,Transplant of kidney (procedure),SNOMED,0,1,0,0
71192002,Peritoneal dialysis (procedure),SNOMED,0,0,1,0
73257006,Peritoneal dialysis catheter maintenance (procedure),SNOMED,0,0,0,0
88351001,Hypercalcemia associated with chronic dialysis (disorder),SNOMED,0,0,1,0
90688005,Chronic renal failure syndrome (disorder),SNOMED,0,0,0,0
105502003,Dependence on renal dialysis (finding),SNOMED,0,0,1,0
161665007,History of renal transplant (situation),SNOMED,0,1,0,0
175901007,Live donor renal transplant (procedure),SNOMED,0,1,0,0
175902000,Cadaveric renal transplant (procedure),SNOMED,0,1,0,0
180272001,Insertion of chronic ambulatory peritoneal dialysis catheter (procedure),SNOMED,0,0,0,0
180273006,Removal of chronic ambulatory peritoneal dialysis catheter (procedure),SNOMED,0,0,0,0
183985008,Renal transplant planned (situation),SNOMED,0,0,0,0
197589005,Nephrotic syndrome with proliferative glomerulonephritis (disorder),SNOMED,0,0,0,0
197590001,Nephrotic syndrome with membranous glomerulonephritis (disorder),SNOMED,0,0,0,0
197591002,Nephrotic syndrome with membranoproliferative glomerulonephritis (disorder),SNOMED,0,0,0,0
197592009,Nephrotic syndrome (& [minimal change glomerulonephritis] or [steroid sensitive]) (disorder),SNOMED,0,0,0,0
197593004,Nephrotic syndrome minor glomerular abnormality (disorder),SNOMED,0,0,0,0
197594005,Nephrotic syndrome focal and segmental glomerular lesions (disorder),SNOMED,0,0,0,0
197595006,Nephrotic syndrome diffuse membranous glomerulonephritis (disorder),SNOMED,0,0,0,0
197596007,Nephrotic syndrome diffuse mesangial proliferative glomerulonephritis (disorder),SNOMED,0,0,0,0
197597003,Nephrotic syndrome diffuse endocapillary proliferative glomerulonephritis (disorder),SNOMED,0,0,0,0
197598008,Nephrotic syndrome diffuse mesangiocapillary glomerulonephritis (disorder),SNOMED,0,0,0,0
197599000,Nephrotic syndrome dense deposit disease (disorder),SNOMED,0,0,0,0
197600002,Nephrotic syndrome diffuse crescentic glomerulonephritis (disorder),SNOMED,0,0,0,0
197601003,Finnish congenital nephrotic syndrome (disorder),SNOMED,0,0,0,0
197603000,Nephrotic syndrome associated with another disorder (disorder),SNOMED,0,0,0,0
197604006,Nephrotic syndrome in amyloidosis (disorder),SNOMED,0,0,0,0
197605007,Nephrotic syndrome due to diabetes mellitus (disorder),SNOMED,0,0,0,0
197606008,Nephrotic syndrome in malaria (disorder),SNOMED,0,0,0,0
197607004,Nephrotic syndrome in polyarteritis nodosa (disorder),SNOMED,0,0,0,0
197614002,Chronic rapidly progressive glomerulonephritis (disorder),SNOMED,0,0,0,0
197654000,Renal failure: [chronic] or [end stage] (disorder),SNOMED,0,0,0,0
197747000,Renal tubulo - interstitial disorders in transplant rejection (disorder),SNOMED,0,1,0,0
213150003,Kidney transplant failure and rejection (disorder),SNOMED,0,1,0,0
224967001,Revision of cannula for dialysis (procedure),SNOMED,0,0,0,0
225230008,Chronic peritoneal dialysis (procedure),SNOMED,0,0,0,0
225892009,Revision of arteriovenous shunt for renal dialysis (procedure),SNOMED,0,0,0,0
234046009,Transplant renal vein thrombosis (disorder),SNOMED,0,1,0,0
236138007,Xenograft renal transplant (procedure),SNOMED,0,1,0,0
236380004,Steroid - sensitive nephrotic syndrome (disorder),SNOMED,0,0,0,0
236381000,Steroid - resistant nephrotic syndrome (disorder),SNOMED,0,0,0,0
236382007,Steroid - dependent nephrotic syndrome (disorder),SNOMED,0,0,0,0
236383002,Familial mesangial sclerosis (disorder),SNOMED,0,0,0,0
236384008,Congenital nephrotic syndrome with focal glomerulosclerosis (disorder),SNOMED,0,0,0,0
236385009,Drash syndrome (disorder),SNOMED,0,0,0,0
236433006,Acute-on-chronic renalt failure (disorder),SNOMED,0,0,0,0
236434000,End stage renal failure untreated by renal replacement therapy (disorder),SNOMED,0,0,0,0
236435004,End stage renal failure on dialysis (disorder),SNOMED,0,0,1,0
236436003,End stage renal failure with renal transplant (disorder),SNOMED,0,1,0,0
236530006,Pulmonic stenosis and congenital nephrosis (disorder),SNOMED,0,0,0,0
236542001,Long-term disorder of dialysis (disorder),SNOMED,0,0,1,0
236557008,Peritoneal dialysis catheter exit site infection (disorder),SNOMED,0,0,0,0
236569000,Primary non-function of renal transplant (disorder),SNOMED,0,1,0,0
236570004,Renal transplant rejection (disorder),SNOMED,0,1,0,0
236571000,Hyperacute rejection of renal transplant (disorder),SNOMED,0,1,0,0
236572007,Accelerated rejection of renal transplant (disorder),SNOMED,0,1,0,0
236573002,Very mild acute rejection of renal transplant (disorder),SNOMED,0,1,0,0
236574008,Acute rejection of renal transplant (disorder),SNOMED,0,1,0,0
236575009,Acute rejection of renal transplant -  grade I (disorder),SNOMED,0,1,0,0
236576005,Acute rejection of renal transplant -  grade II (disorder),SNOMED,0,1,0,0
236577001,Acute rejection of renal transplant -  grade II (disorder),SNOMED,0,1,0,0
236578006,Chronic rejection of renal transplant (disorder),SNOMED,0,1,0,0
236579003,Chronic rejection of renal transplant -  grade I (disorder),SNOMED,0,1,0,0
236580000,Chronic rejection of renal transplant -  grade II (disorder),SNOMED,0,1,0,0
236581001,Chronic rejection of renal transplant -  grade II (disorder),SNOMED,0,1,0,0
236582008,Acute-on-chronic rejection of renal transplant (disorder),SNOMED,0,1,0,0
236583003,Failed renal transplant (disorder),SNOMED,0,1,0,0
236584009,Perfusion injury of renal transplant (disorder),SNOMED,0,1,0,0
236586006,De novo glomerulonephritis (disorder),SNOMED,0,0,0,0
236587002,Transplant glomerulopathy (disorder),SNOMED,0,1,0,0
236588007,Transplant glomerulopathy  - early form (disorder),SNOMED,0,1,0,0
236589004,Transplant glomerulopathy - later form (disorder),SNOMED,0,1,0,0
236610003,Escape of urine from transplanted ureter (disorder),SNOMED,0,1,0,0
236614007,Perirenal and periureteric post-transplant lymphocele (disorder),SNOMED,0,1,0,0
238314006,Renewal of chronic ambulatory peritoneal dialysis catheter (procedure),SNOMED,0,0,0,0
238315007,Adjustment of chronic ambulatory peritoneal dialysis catheter (procedure),SNOMED,0,0,0,0
238316008,Aspiration of chronic ambulatory peritoneal dialysis catheter (procedure),SNOMED,0,0,0,0
238317004,Flushing of chronic ambulatory peritoneal dialysis catheter (procedure),SNOMED,0,0,0,0
238318009,Continuous ambulatory peritoneal dialysis (procedure),SNOMED,0,0,1,0
238319001,Continuous cycling peritoneal dialysis (procedure),SNOMED,0,0,1,0
238321006,Intermittent peritoneal dialysis (procedure),SNOMED,0,0,1,0
238322004,Tidal peritoneal dialysis (procedure),SNOMED,0,0,1,0
238323009,Night-time intermittent peritoneal dialysis (procedure),SNOMED,0,0,1,0
265764009,Renal dialysis (procedure),SNOMED,0,0,1,0
266549004,Nephrotic syndrome with minimal change glomerulonephritis (disorder),SNOMED,0,0,0,0
271418008,Chronic ambulatory peritoneal dialysis catheter procedure (procedure),SNOMED,0,0,0,0
276883000,Peritoneal dialysis-associated peritonitis (disorder),SNOMED,0,0,1,0
277010001,Unexplained episode of renal transplant dysfunction (disorder),SNOMED,0,1,0,0
277011002,Pre-existing disease in renal transplant (disorder),SNOMED,0,1,0,0
278905001,Continuous ambulatory peritoneal dialysis diet (finding),SNOMED,0,0,0,0
302497006,Hemodialysis (procedure),SNOMED,1,0,1,0
313030004,Donor renal transplantation (procedure),SNOMED,0,1,0,0
363233007,Nephrotic syndrome secondary to glomerulonephritis (disorder),SNOMED,0,0,0,0
363234001,Nephrotic syndrome secondary to systemic disease (disorder),SNOMED,0,0,0,0
385971003,Dialysis care (regime/therapy),SNOMED,0,0,1,0
398887003,Renal replacement (procedure),SNOMED,1,0,0,0
406168002,Dialysis access maintenance (regime/therapy),SNOMED,0,0,0,0
423062001,Stenosis of arteriovenous dialysis fistula (disorder),SNOMED,0,0,0,0
426136000,Delayed renal graft function (disorder),SNOMED,0,0,0,0
426340003,Creation of graft fistula for dialysis (procedure),SNOMED,0,0,0,0
428575007,Hypertension secondary to kidney transplant (disorder),SNOMED,0,1,0,0
428645009,Examination of recipient after kidney transplant (procedure),SNOMED,0,1,0,0
428648006,Automated peritoneal dialysis (procedure),SNOMED,0,0,1,0
428937001,Dependence on peritoneal dialysis due to end stage renal disease (finding),SNOMED,0,0,1,0
428982002,Dependence on hemodialysis due to end stage renal disease (finding),SNOMED,0,0,1,0
429075005,Dependence on dialysis due to end stage renal disease (finding),SNOMED,0,0,1,0
429451003,Disorder related to renal transplantation (disorder),SNOMED,0,1,0,0
431855005,Chronic kidney disease stage 1 (disorder),SNOMED,0,0,0,0
431856006,Chronic kidney disease stage 2 (disorder),SNOMED,0,0,0,0
431857002,Chronic kidney disease stage 4 (disorder),SNOMED,0,0,0,0
432018009,Replacement of dialysis catheter using fluoroscopic guidance (procedure),SNOMED,0,0,1,0
432654009,Insertion of peritoneal dialysis catheter using fluoroscopy guidance (procedure),SNOMED,0,0,0,0
433144002,Chronic kidney disease stage 3 (disorder),SNOMED,0,0,0,0
433146000,Chronic kidney disease stage 5 (disorder),SNOMED,0,0,0,0
438342006,Replacement of peritoneal dialysis catheter (procedure),SNOMED,0,0,1,0
439073006,Peritoneal dialysis catheter in situ (finding),SNOMED,0,0,0,0
440084005,Assessment of adequacy of dialysis (procedure),SNOMED,0,0,1,0
442326005,Cloudy peritoneal dialysis effluent (finding),SNOMED,0,0,1,0
443143006,Dependence on hemodialysis (finding),SNOMED,0,0,1,0
443596009,Dependence on peritoneal dialysis (finding),SNOMED,0,0,1,0
445119005,Steroid sensitive nephrotic syndrome of childhood (disorder),SNOMED,0,0,0,0
449288005,Infection of arteriovenous fistula for hemodialysis (disorder),SNOMED,0,0,0,0
449820008,Steroid resistant nephrotic syndrome of childhood (disorder),SNOMED,0,0,0,0
473195006,Normal renal function of transplanted kidney (finding),SNOMED,0,1,0,0
473397008,Dialysis catheter in situ usable (finding),SNOMED,0,0,0,0
698306007,Awaiting transplantation of kidney (situation),SNOMED,0,0,0,0
699235009,Continuous ambulatory peritoneal dialysis associated peritonitis (disorder),SNOMED,0,0,1,0
700378005,Chronic kidney disease stage 3A (disorder),SNOMED,0,0,0,0
700379002,Chronic kidney disease stage 3B (disorder),SNOMED,0,0,0,0
703048006,Vesicoureteric reflux after renal transplant (disorder),SNOMED,0,1,0,0
704667004,Hypertension concurrent and due to end stage renal disease on dialysis (disorder),SNOMED,0,0,1,0
705065000,Childhood nephrotic syndrome (disorder),SNOMED,0,0,0,0
707148007,Recurrent post-transplant renal disease (disorder),SNOMED,0,1,0,0
708930002,Maintenance hemodiafiltration (procedure),SNOMED,0,0,0,0
708931003,Maintenance hemodialysis (procedure),SNOMED,0,0,1,0
708932005,Emergency hemodialysis (procedure),SNOMED,0,0,0,0
708933000,Emergency hemodiafiltration (procedure),SNOMED,0,0,0,0
708934006,Maintenance hemofiltration (procedure),SNOMED,0,0,0,0
710071003,Management of peritoneal dialysis (procedure),SNOMED,0,0,1,0
711411006,Allotransplantation of kidney from beating heart cadaver (procedure),SNOMED,0,1,0,0
711413009,Allotransplantation of kidney from non-beating heart cadaver (procedure),SNOMED,0,1,0,0
711446003,Transplantation of kidney regime (regime/therapy),SNOMED,0,1,0,0
712754003,Replacement of continuous ambulatory peritoneal dialysis transfer set (procedure),SNOMED,0,0,1,0
713695001,Nephrotic syndrome co-occurrent with human immunodeficiency virus infection (disorder),SNOMED,0,0,0,0
713825007,Renal artery stenosis of transplanted kidney (disorder),SNOMED,0,1,0,0
714152005,Chronic kidney disease stage 5 on dialysis (disorder),SNOMED,0,0,1,0
714153000,Chronic kidney disease stage 5 with transplant (disorder),SNOMED,0,1,0,0
714749008,Continuous renal replacement therapy (procedure),SNOMED,1,0,0,0
717191005,Sporadic idiopathic steroid-resistant nephrotic syndrome (disorder),SNOMED,0,0,0,0
717738008,Peritoneal dialysis care assessment (procedure),SNOMED,0,0,0,0
717760006,Multi-drug resistant nephrotic syndrome (disorder),SNOMED,0,0,0,0
718141008,Familial idiopathic steroid-resistant nephrotic syndrome (disorder),SNOMED,0,0,0,0
718308002,Peritoneal dialysis care (regime/therapy),SNOMED,0,0,1,0
718330001,Hemodialysis care (regime/therapy),SNOMED,0,0,1,0
719352000,Kidney transplant recipient (finding),SNOMED,0,1,0,0
721297008,Galloway Mowat syndrome (disorder),SNOMED,0,0,0,0
722118005,Congenital nephrotic syndrome due to congenital infection (disorder),SNOMED,0,0,0,0
722369003,Congenital nephrotic syndrome due to diffuse mesangial sclerosis (disorder),SNOMED,0,0,0,0
723449004,Pierson syndrome (disorder),SNOMED,0,0,0,0
733453005,Congenital nephrotic syndrome interstitial lung disease epidermolysis bullosa syndrome (disorder),SNOMED,0,0,0,0
736919006,Insertion of hemodialysis catheter (procedure),SNOMED,0,0,0,0
736922008,Insertion of tunneled hemodialysis catheter (procedure),SNOMED,0,0,0,0
737295003,Transplanted kidney present (finding),SNOMED,0,1,0,0
765478004,Allotransplantation of left kidney (procedure),SNOMED,0,1,0,0
765479007,Allotransplantation of right kidney (procedure),SNOMED,0,1,0,0
771266007,Torticollis keloids cryptorchidism renal dysplasia syndrome (disorder),SNOMED,0,0,0,0
771447009,Laminin subunit beta 2 related infantile-onset nephrotic syndrome (disorder),SNOMED,0,0,0,0
773647007,Nephrotic syndrome deafness pretibial epidermolysis bullosa syndrome (disorder),SNOMED,0,0,0,0
776416004,Hyperuricemia pulmonary hypertension renal failure alkalosis syndrome,SNOMED,0,0,0,0
782655004,Laparoscopic transplant of kidney using robotic assistance (procedure),SNOMED,0,1,0,0
783157004,Infantile subacute necrotizing encephalopathy with nephrotic syndrome,SNOMED,0,0,0,0
783614008,Familial steroid-resistant nephrotic syndrome with sensorineural deafness (disorder),SNOMED,0,0,0,0
381000124105,Increase dialyzer size for hemodialysis (procedure),SNOMED,0,0,1,0
711000119100,Chronic kidney disease stage 5 due to type 2 diabetes mellitus (disorder),SNOMED,0,0,0,0
721000119107,Chronic kidney disease stage 4 due to type 2 diabetes mellitus (disorder),SNOMED,0,0,0,0
731000119105,Chronic kidney disease stage 3 due to type 2 diabetes mellitus (disorder),SNOMED,0,0,0,0
741000119101,Chronic kidney disease stage 2 due to type 2 diabetes mellitus (disorder),SNOMED,0,0,0,0
751000119104,Chronic kidney disease stage 1 due to type 2 diabetes mellitus (disorder),SNOMED,0,0,0,0
1721000119108,Patient awaiting renal transplant (finding),SNOMED,0,0,0,0
6471000179103,Transplantation of kidney and pancreas (procedure),SNOMED,0,1,0,0
71441000119104,Nephrotic syndrome due to type 2 diabetes mellitus (disorder),SNOMED,0,0,0,0
71721000119101,Nephrotic syndrome due to type 1 diabetes mellitus (disorder),SNOMED,0,0,0,0
90721000119101,Chronic kidney disease stage 1 due to type 1 diabetes mellitus (disorder),SNOMED,0,0,0,0
90731000119103,Chronic kidney disease stage 2 due to type 1 diabetes mellitus (disorder),SNOMED,0,0,0,0
90741000119107,Chronic kidney disease stage 3 due to type 1 diabetes mellitus (disorder),SNOMED,0,0,0,0
90751000119109,Chronic kidney disease stage 4 due to type 1 diabetes mellitus (disorder),SNOMED,0,0,0,0
90761000119106,Chronic kidney disease stage 5 due to type 1 diabetes mellitus (disorder),SNOMED,0,0,0,0
90771000119100,End stage renal disease on dialysis due to type 1 diabetes mellitus (disorder),SNOMED,0,0,1,0
90791000119104,End stage renal disease on dialysis due to type 2 diabetes mellitus (disorder),SNOMED,0,0,1,0
96701000119107,Hypertensive heart AND chronic kidney disease on dialysis (disorder),SNOMED,0,0,1,0
96711000119105,Hypertensive heart AND chronic kidney disease stage 5 (disorder),SNOMED,0,0,0,0
96721000119103,Hypertensive heart AND chronic kidney disease stage 4 (disorder),SNOMED,0,0,0,0
96731000119100,Hypertensive heart AND chronic kidney disease stage 3 (disorder),SNOMED,0,0,0,0
96741000119109,Hypertensive heart AND chronic kidney disease stage 2 (disorder),SNOMED,0,0,0,0
96751000119106,Hypertensive heart AND chronic kidney disease stage 1 (disorder),SNOMED,0,0,0,0
117681000119102,Chronic kidney disease stage 1 due to hypertension (disorder),SNOMED,0,0,0,0
127991000119101,Hypertension concurrent and due to end stage renal disease on dialysis due to type 2 diabetes mellitus (disorder),SNOMED,0,0,1,0
128001000119105,Hypertension concurrent and due to end stage renal disease on dialysis due to type 1 diabetes mellitus (disorder),SNOMED,0,0,1,0
129151000119102,Chronic kidney disease stage 4 due to hypertension (disorder),SNOMED,0,0,0,0
129161000119100,Chronic kidney disease stage 5 due to hypertension (disorder),SNOMED,0,0,0,0
129171000119106,Chronic kidney disease stage 3 due to hypertension (disorder),SNOMED,0,0,0,0
129181000119109,Chronic kidney disease stage 2 due to hypertension (disorder),SNOMED,0,0,0,0
140101000119109,Hypertension in chronic kidney disease stage 5 due to type 2 diabetes mellitus (disorder),SNOMED,0,0,0,0
140111000119107,Hypertension in chronic kidney disease stage 4 due to type 2 diabetes mellitus (disorder),SNOMED,0,0,0,0
140121000119100,Hypertension in chronic kidney disease stage 3 due to type 2 diabetes mellitus (disorder),SNOMED,0,0,0,0
140131000119102,Hypertension in chronic kidney disease stage 2 due to type 2 diabetes mellitus (disorder),SNOMED,0,0,0,0
153851000119106,Malignant hypertensive chronic kidney disease stage 5 (disorder),SNOMED,0,0,0,0
153891000119101,End stage renal disease on dialysis due to hypertension (disorder),SNOMED,0,0,1,0
238251000000109,Pre-transplant lymphocele (disorder) - transplantation of kidney work-up of recipient (regime/therapy),SNOMED,0,0,0,0
284971000119100,Chronic kidney disease stage 1 due to benign hypertension (disorder),SNOMED,0,0,0,0
284981000119102,Chronic kidney disease stage 2 due to benign hypertension (disorder),SNOMED,0,0,0,0
284991000119104,Chronic kidney disease stage 3 due to benign hypertension (disorder),SNOMED,0,0,0,0
285001000119105,Chronic kidney disease stage 4 due to benign hypertension (disorder),SNOMED,0,0,0,0
285011000119108,Chronic kidney disease stage 5 due to benign hypertension (disorder),SNOMED,0,0,0,0
285851000119102,Malignant hypertensive chronic kidney disease stage 1 (disorder),SNOMED,0,0,0,0
285861000119100,Malignant hypertensive chronic kidney disease stage 2 (disorder),SNOMED,0,0,0,0
285871000119106,Malignant hypertensive chronic kidney disease stage 3 (disorder),SNOMED,0,0,0,0
285881000119109,Malignant hypertensive chronic kidney disease stage 4 (disorder),SNOMED,0,0,0,0
286371000119107,Malignant hypertensive end stage renal disease on dialysis (disorder),SNOMED,0,0,1,0
295111000119108,Nephrotic syndrome co-occurrent and due to systemic lupus erythematosus (disorder),SNOMED,0,0,0,0
324121000000109,Chronic kidney disease stage 1 with proteinuria (disorder),SNOMED,0,0,0,0
324151000000104,Chronic kidney disease stage 1 without proteinuria (disorder),SNOMED,0,0,0,0
324181000000105,Chronic kidney disease stage 2 with proteinuria (disorder),SNOMED,0,0,0,0
324211000000106,Chronic kidney disease stage 2 without proteinuria (disorder),SNOMED,0,0,0,0
324251000000105,Chronic kidney disease stage 3 with proteinuria (disorder),SNOMED,0,0,0,0
324281000000104,Chronic kidney disease stage 3 without proteinuria (disorder),SNOMED,0,0,0,0
324311000000101,Chronic kidney disease stage 3A with proteinuria (disorder),SNOMED,0,0,0,0
324341000000100,Chronic kidney disease stage 3A without proteinuria (disorder),SNOMED,0,0,0,0
324371000000106,Chronic kidney disease stage 3B with proteinuria (disorder),SNOMED,0,0,0,0
324411000000105,Chronic kidney disease stage 3B without proteinuria (disorder),SNOMED,0,0,0,0
324441000000106,Chronic kidney disease stage 4 with proteinuria (disorder),SNOMED,0,0,0,0
324471000000100,Chronic kidney disease stage 4 without proteinuria (disorder),SNOMED,0,0,0,0
324501000000107,Chronic kidney disease stage 5 with proteinuria (disorder),SNOMED,0,0,0,0
324541000000105,Chronic kidney disease stage 5 without proteinuria (disorder),SNOMED,0,0,0,0
365061000000106,Active on kidney transplant waiting list (finding),SNOMED,0,0,0,0
366961000000102,Renal transplant recipient (finding),SNOMED,0,1,0,0
368421000119108,Chronic kidney disease stage 1 due to drug induced diabetes mellitus (disorder),SNOMED,0,0,0,0
368431000119106,Chronic kidney disease stage 2 due to drug induced diabetes mellitus (disorder),SNOMED,0,0,0,0
368441000119102,Chronic kidney disease stage 3 due to drug induced diabetes mellitus (disorder),SNOMED,0,0,0,0
368451000119100,Chronic kidney disease stage 4 due to drug induced diabetes mellitus (disorder),SNOMED,0,0,0,0
368461000119103,Chronic kidney disease stage 5 due to drug induced diabetes mellitus (disorder),SNOMED,0,0,0,0
368911000119109,Nephrotic syndrome co-occurrent and due to membranoproliferative glomerulonephritis type III (disorder),SNOMED,0,0,0,0
399241000000100,[V]Kidney transplanted (situation),SNOMED,0,1,0,0
691401000119104,Anemia co-occurrent and due to chronic kidney disease stage 4 (disorder),SNOMED,0,0,0,0
691411000119101,Anemia co-occurrent and due to chronic kidney disease stage 5 (disorder),SNOMED,0,0,0,0
691421000119108,Anemia co-occurrent and due to chronic kidney disease stage 3 (disorder),SNOMED,0,0,0,0
843691000000100,Urological complication of renal transplant (disorder),SNOMED,0,1,0,0
844011000000103,Arteriovenous extracorporeal carbon dioxide removal (procedure),SNOMED,0,0,0,0
844661000000109,Vascular complication of renal transplant (disorder),SNOMED,0,1,0,0
846671000000106,Aneurysm of superficialised artery of dialysis arteriovenous fistula (disorder),SNOMED,0,0,0,0
846731000000104,Aneurysm of dialysis arteriovenous fistula (disorder),SNOMED,0,0,0,0
846761000000109,Aneurysm of needle site of dialysis arteriovenous fistula (disorder),SNOMED,0,0,0,0
846801000000104,Aneurysm of anastomotic site of dialysis arteriovenous fistula (disorder),SNOMED,0,0,0,0
847791000000101,Rupture of artery of transplanted kidney (disorder),SNOMED,0,1,0,0
847811000000100,Rupture of vein of transplanted kidney (disorder),SNOMED,0,1,0,0
847881000000107,Stenosis of vein of transplanted kidney (disorder),SNOMED,0,1,0,0
852981000000100,Aneurysm of vein of transplanted kidney (disorder),SNOMED,0,1,0,0
853021000000108,Aneurysm of artery of transplanted kidney (disorder),SNOMED,0,1,0,0
863331000000100,Aneurysm of dialysis vascular access (disorder),SNOMED,0,0,0,0
864271000000105,Thrombosis of artery of transplanted kidney (disorder),SNOMED,0,1,0,0
864311000000105,Thrombosis of vein of transplanted kidney (disorder),SNOMED,0,1,0,0
865841000000102,Stenosis of dialysis arteriovenous graft (disorder),SNOMED,0,0,0,0
865981000000103,Thrombosis of dialysis arteriovenous graft (disorder),SNOMED,0,0,0,0
866001000000102,Thrombosis of dialysis arteriovenous fistula (disorder),SNOMED,0,0,0,0
866021000000106,Thrombosis of dialysis arteriovenous shunt (disorder),SNOMED,0,0,0,0
866041000000104,Occlusion of dialysis arteriovenous graft (disorder),SNOMED,0,0,0,0
866061000000103,Occlusion of dialysis arteriovenous fistula (disorder),SNOMED,0,0,0,0
866991000000105,Haemorrhage of dialysis arteriovenous graft (disorder),SNOMED,0,0,0,0
867011000000102,Haemorrhage of dialysis arteriovenous fistula (disorder),SNOMED,0,0,0,0
867031000000105,Haemorrhage of dialysis arteriovenous shunt (disorder),SNOMED,0,0,0,0
867071000000107,Rupture of dialysis arteriovenous fistula (disorder),SNOMED,0,0,0,0
872481000000106,Stenosis of venous side of dialysis arteriovenous shunt (disorder),SNOMED,0,0,0,0
949401000000103,Chronic kidney disease with glomerular filtration rate category G1 and albuminuria category A1 (disorder),SNOMED,0,0,0,0
949421000000107,Chronic kidney disease with glomerular filtration rate category G1 and albuminuria category A2 (disorder),SNOMED,0,0,0,0
949481000000108,Chronic kidney disease with glomerular filtration rate category G1 and albuminuria category A3 (disorder),SNOMED,0,0,0,0
949521000000108,Chronic kidney disease with glomerular filtration rate category G2 and albuminuria category A1 (disorder),SNOMED,0,0,0,0
949561000000100,Chronic kidney disease with glomerular filtration rate category G2 and albuminuria category A2 (disorder),SNOMED,0,0,0,0
949621000000109,Chronic kidney disease with glomerular filtration rate category G2 and albuminuria category A3 (disorder),SNOMED,0,0,0,0
949881000000106,Chronic kidney disease with glomerular filtration rate category G3a and albuminuria category A1 (disorder),SNOMED,0,0,0,0
949901000000109,Chronic kidney disease with glomerular filtration rate category G3a and albuminuria category A2 (disorder),SNOMED,0,0,0,0
949921000000100,Chronic kidney disease with glomerular filtration rate category G3a and albuminuria category A3 (disorder),SNOMED,0,0,0,0
950061000000103,Chronic kidney disease with glomerular filtration rate category G3b and albuminuria category A1 (disorder),SNOMED,0,0,0,0
950081000000107,Chronic kidney disease with glomerular filtration rate category G3b and albuminuria category A2 (disorder),SNOMED,0,0,0,0
950101000000101,Chronic kidney disease with glomerular filtration rate category G3b and albuminuria category A3 (disorder),SNOMED,0,0,0,0
950181000000106,Chronic kidney disease with glomerular filtration rate category G4 and albuminuria category A1 (disorder),SNOMED,0,0,0,0
950211000000107,Chronic kidney disease with glomerular filtration rate category G4 and albuminuria category A2 (disorder),SNOMED,0,0,0,0
950231000000104,Chronic kidney disease with glomerular filtration rate category G4 and albuminuria category A3 (disorder),SNOMED,0,0,0,0
950251000000106,Chronic kidney disease with glomerular filtration rate category G5 and albuminuria category A1 (disorder),SNOMED,0,0,0,0
950291000000103,Chronic kidney disease with glomerular filtration rate category G5 and albuminuria category A2 (disorder),SNOMED,0,0,0,0
950311000000102,Chronic kidney disease with glomerular filtration rate category G5 and albuminuria category A3 (disorder),SNOMED,0,0,0,0
1035471000000100,Dialysis therapy started by renal service (finding),SNOMED,0,0,1,0
1095231000000108,Transplant of kidney using robotic assistance (procedure),SNOMED,0,1,0,0
11000731000119102,Dependence on continuous ambulatory peritoneal dialysis (finding),SNOMED,0,0,1,0
11000771000119104,Dependence on continuous cycling peritoneal dialysis (finding),SNOMED,0,0,1,0
1110501000000104,Dialysis adequacy using dialyser clearance of urea multiplied by treatment time divided by volume of distribution of urea formula by combined peritoneal dialysate and urine method (observable entity),SNOMED,0,0,1,0
1110511000000102,Dialysis adequacy using dialyser clearance of urea multiplied by treatment time divided by volume of distribution of urea formula for haemodialysis (observable entity),SNOMED,0,0,1,0
16320631000119104,Dependence on continuous ambulatory peritoneal dialysis due to end stage renal disease (finding),SNOMED,0,0,1,0
216933008,Failure of sterile precautions during kidney dialysis​,SNOMED,0,0,1,0
438546008,Ligation of arteriovenous dialysis fistula​,SNOMED,0,0,0,0
426361000000104,[V]Unspecified aftercare involving intermittent dialysis​,SNOMED,0,0,1,0
251859005,Dialysis finding​,SNOMED,0,0,1,0
108241001,Dialysis procedure​,SNOMED,0,0,1,0
398471000000102,[V]Aftercare involving intermittent dialysis​,SNOMED,0,0,1,0
410511000000103,[V]Aftercare involving renal dialysis NOS​,SNOMED,0,0,1,0
426351000000102,[V]Aftercare involving peritoneal dialysis without blame​,SNOMED,0,0,1,0
116223007,Kidney dialysis with complication without blame​,SNOMED,0,0,1,0
991521000000102,Dialysis fluid glucose level​,SNOMED,0,0,1,0
161693006,H/O: renal dialysis puncture perforation or haemorrhage during kidney dialysis​,SNOMED,0,0,1,0
17778006,Mechanical complication of dialysis catheter​,SNOMED,0,0,0,0
216878005,Accidental cut puncture perforation or haemorrhage during kidney dialysis​,SNOMED,0,0,1,0
180277007,Insertion of temporary peritoneal dialysis catheter​,SNOMED,0,0,0,0
175902000,Cadaveric renal transplant​,SNOMED,0,1,0,0
269698004,Mechanical failure of instrument or apparatus during kidney dialysis​,SNOMED,0,0,1,0
225283000,Priming haemodialysis lines stage 5,SNOMED,0,0,0,0
420106004,Renal transplant venogram stage 5,SNOMED,0,1,0,0
5571000001109,Solution haemodialysis,SNOMED,0,0,0,0
236575009,Acute rejection of renal transplant - grade i,SNOMED,0,1,0,0
709044004,Chronic kidney disease (disorder),SNOMED,0,0,0,0
737429003,Chronic kidney disease clinical management plan (record artifact),SNOMED,0,0,0,0
713811000000100,Chronic kidney disease monitoring administration (record artifact),SNOMED,0,0,0,0
248721000000108,Chronic kidney disease monitoring,SNOMED,0,0,0,0
716651000000106,Chronic kidney disease monitoring first letter,SNOMED,0,0,0,0
717751000000104,Chronic kidney disease monitoring second letter,SNOMED,0,0,0,0
717461000000108,Chronic kidney disease monitoring third letter,SNOMED,0,0,0,0
717231000000104,Chronic kidney disease monitoring verbal invite,SNOMED,0,0,0,0
717511000000105,Chronic kidney disease monitoring telephone invite,SNOMED,0,0,0,0
249171000000102,Chronic kidney disease annual review,SNOMED,0,0,0,0
298141000000107,Did not attend chronic kidney disease monitoring clinic,SNOMED,0,0,0,0
811021000000104,Chronic kidney disease self-management plan review,SNOMED,0,0,0,0
811941000000105,Chronic kidney disease self-management plan agreed,SNOMED,0,0,0,0
903261000000109,Chronic kidney disease laboratory study,SNOMED,0,0,0,0
472953006,H/O chronic kidney disease,SNOMED,0,0,0,0
707323002,Anaemia co-occurent and due to chronic kidney disease,SNOMED,0,0,0,0
713313000,Chronic kidney disease mineral bone disorder,SNOMED,0,0,0,0
720510004,Education about chronic kidney disease,SNOMED,0,0,0,0
722467000,Chronic kidney disease due to traumatic loss of kidney,SNOMED,0,0,0,0
691411000119101,Anaemia co-occurent and due to chronic kidney disease stage 5,SNOMED,0,0,0,0
691421000119108,Anaemia co-occurent and due to chronic kidney disease stage 3,SNOMED,0,0,0,0
711421000000107,Chronic kidney disease monitoring invitation,SNOMED,0,0,0,0
691381000119104,Anameia due to chronic kidney disease stage 1,SNOMED,0,0,0,0
1144916002,Calcification of soft tissue due to chronic kidney disease,SNOMED,0,0,0,0
49708008,Anaemia of chronic renal failure,SNOMED,0,0,0,0
723190009,Chronic renal insufficiency,SNOMED,0,0,0,0
90708001,Kidney disease,SNOMED,0,0,0,0
42399005,Renal failure syndrome,SNOMED,0,0,0,0
168140004,Peritoneal dialysis sample,SNOMED,0,0,1,0
216904007,Foreign object left in body during kidney dialysis,SNOMED,0,0,1,0
236556004,Bloodstained peritoneal dialysis effluent,SNOMED,0,0,1,0
87235005,Dialysis disequilibrium,SNOMED,0,0,1,0
412859006,Dialysis fluid examination,SNOMED,0,0,1,0
991511000000108,Dialysis fluid urea level,SNOMED,0,0,1,0
991611000000107,Dialysis fluid sodium level,SNOMED,0,0,1,0
736690008,Dialysis care plan (record artifact),SNOMED,0,0,1,0
19765000,Complication of dialysis,SNOMED,0,0,1,0
438548009,Ligation of arteriovenous dialysis graft,SNOMED,0,0,0,0
846461000000102,Ruptured aneurysm of dialysis vascular access,SNOMED,0,0,0,0
853631000000103,Stenosis of dialysis vascular access,SNOMED,0,0,0,0
853651000000105,Thrombosis of dialysis vascular access,SNOMED,0,0,0,0
236539007,Haemodialysis first use syndrome,SNOMED,0,0,1,0
854131000000107,Thrombus in peritoneal dialysis catheter,SNOMED,0,0,0,0
854161000000102,Anaphylactoid reaction due to haemodialysis,SNOMED,0,0,1,0
863331000000100,Aneurysm of dialysis vascular access,SNOMED,0,0,1,0
865761000000105,Occlusion of dialysis vascular access,SNOMED,0,0,0,0
865781000000101,Infection of dialysis vascular access,SNOMED,0,0,0,0
865821000000109,Rupture of dialysis vascular access,SNOMED,0,0,0,0
9345005,Dialysis dementia,SNOMED,0,0,1,0
865861000000101,Stenosis of dialysis arteriovenous shunt,SNOMED,0,0,0,0
10848006,Removal of peritoneal dialysis catheter,SNOMED,0,0,0,0
54817007,Formation of arteriovenous fistula by external cannula for renal dialysis,SNOMED,0,0,0,0
59596005,Haemodialysis training at home,SNOMED,0,0,0,0
67970008,Haemodialysis maintenance at home,SNOMED,0,0,1,0
79827002,Arteriovenous anastomosis for renal dialysis,SNOMED,0,0,0,0
866081000000107,Occlusion of dialysis arteriovenous shunt,SNOMED,0,0,0,0
430332005,Infection of dialysis arteriovenous graft,SNOMED,0,0,0,0
866951000000102,Infection of dialysis arteriovenous shunt,SNOMED,0,0,0,0
115500004,Post-dialysis,SNOMED,0,0,1,0
225228006,Putting additive into peritoneal dialysis bag,SNOMED,0,0,1,0
867051000000103,Rupture of dialysis arteriovenous graft,SNOMED,0,0,0,0
225282005,Washing back through haemodialysis lines,SNOMED,0,0,1,0
867091000000106,Rupture of dialysis arteriovenous shunt,SNOMED,0,0,0,0
872461000000102,Stenosis of arterial side of dialysis arteriovenous shunt,SNOMED,0,0,0,0
236551009,Underdialysis,SNOMED,0,0,1,0
236558003,Peritoneal dialysis catheter tunnel infection,SNOMED,0,0,0,0
236561002,Disorder of peritoneal dialysis catheter,SNOMED,0,0,0,0
236562009,Blockage of peritoneal dialysis catheter,SNOMED,0,0,0,0
243778000,Arterial port blood sampling during haemodialysis,SNOMED,0,0,1,0
243779008,Venous port blood sampling during haemodialysis,SNOMED,0,0,1,0
251866006,Adequacy of dialysis,SNOMED,0,0,1,0
263636009,Type of haemodialysis,SNOMED,0,0,1,0
300478000,Finding of measures of dialysis,SNOMED,0,0,1,0
360132007,Peritoneal dialysis catheter,SNOMED,0,0,0,0
385970002,Dialysis care assessment,SNOMED,0,0,0,0
385972005,Dialysis training,SNOMED,0,0,0,0
385973000,Dialysis care management,SNOMED,0,0,1,0
397849009,Dialysis catheter,SNOMED,0,0,0,0
404813001,Peritoneal dialysis leakage,SNOMED,0,0,1,0
405044002,Hemodialysis access status,SNOMED,0,0,0,0
408667000,Haemodialysis-associated hypotension,SNOMED,0,0,1,0
428118009,Procedure involving peritoneal dialysis catheter,SNOMED,0,0,0,0
430333000,Hematoma of dialysis access site,SNOMED,0,0,0,0
430958003,Infection of peritoneal dialysis catheter,SNOMED,0,0,0,0
431252000,Fluoroscopy guided percutaneous thrombolysis of dialysis fistula,SNOMED,0,0,0,0
431607007,Fluoroscopy guided percutaneous mechanical thrombectomy of dialysis fistula,SNOMED,0,0,1,0
431781000,Fluoroscopy guided insertion of tunnelled dialysis catheter,SNOMED,0,0,1,0
431873008,Peritonitis due to infected peritoneal dialysis catheter,SNOMED,0,0,1,0
432509002,Insertion of dialysis catheter using doppler ultrasound guidance,SNOMED,0,0,0,0
432952005,Percutaneous transluminal angioplasty of dialysis fistula using fluoroscopic guidance,SNOMED,0,0,0,0
438341004,Laparoscopic insertion of peritoneal dialysis catheter,SNOMED,0,0,0,0
446048008,Change of prescription for haemodialysis,SNOMED,0,0,1,0
448423006,Removal of haemodialysis catheter,SNOMED,0,0,0,0
462316005,Haemodialysis start/stop set,SNOMED,0,0,1,0
462550000,Haemodialysis system institutional/home-use,SNOMED,0,0,1,0
462933006,Peritoneal dialysis system tubing set,SNOMED,0,0,0,0
411000124108,Haemodialysis residual renal function,SNOMED,0,0,1,0
32751000119100,Line sepsis associated with dialysis catheter,SNOMED,0,0,0,0
1082851000000108,Treatment Escalation Plan decision - appropriate for dialysis,SNOMED,0,0,0,0
1082861000000106,Treatment Escalation Plan decision - not appropriate for dialysis,SNOMED,0,0,0,0
11009631000119100,Renal dialysis done,SNOMED,0,0,1,0
431988002,Doppler ultrasonography of transplanted kidney,SNOMED,0,1,0,0
440512006,Biopsy of transplanted kidney using ultrasound guidance,SNOMED,0,1,0,0
718030008,Antegrade insertion of stent into transplanted ureter using fluroscopic guidance,SNOMED,0,1,0,0
6501000179109,Laprascopic biopsy of transplanted kidney,SNOMED,0,1,0,0
365051000000108,Kidney transplant waiting list patient status,SNOMED,0,0,0,0
365071000000104,Active on kidney transplant waiting list while waiting live donor work-up,SNOMED,0,0,0,0
365081000000102,Active on kidney and pancreas transplant waiting list,SNOMED,0,0,0,0
365181000000103,Suspended from kidney transplant waiting list due to patient being unfit,SNOMED,0,0,0,0
365241000000101,Removed from kidney transplant waiting list at patient request,SNOMED,0,0,0,0
365281000000109,Not on kidney transplant waiting list at patient request,SNOMED,0,0,0,0
367091000000109,Removed from kidney transplant waiting list,SNOMED,0,0,0,0
367101000000101,Suspended from kidney transplant waiting list,SNOMED,0,0,0,0
905871000000102,Ultrasonography guided insertion of nephrostomy tube into transplanted kidney,SNOMED,0,1,0,0
438661003,Renal transplant biopsy sample,SNOMED,0,1,0,0
X401,Renal dialysis,OPCS4,0,0,1,0
X402,Peritoneal dialysis,OPCS4,0,0,1,0
X403,Haemodialysis NEC,OPCS4,0,0,1,0
X405,Automated peritoneal dialysis,OPCS4,0,0,1,0
X406,Continuous ambulatory peritoneal dialysis,OPCS4,0,0,1,0
X408,Other specified compensation for renal failure,OPCS4,0,0,0,0
X409,Unspecified compensation for renal failure,OPCS4,0,0,0,0
M012,Allotransplantation of kidney from live donor,OPCS4,0,1,0,0
M013,Allotransplantation of kidney from cadaver NEC,OPCS4,0,1,0,0
M014,Allotransplantation of kidney from cadaver heart beating,OPCS4,0,1,0,0
M015,Allotransplantation of kidney from cadaver heart non-beating,OPCS4,0,1,0,0
M018,Other specified transplantation of kidney,OPCS4,0,1,0,0
M019,Unspecified transplantation of kidney,OPCS4,0,1,0,0
M174,Post-transplantation of kidney examination - recipient,OPCS4,0,1,0,0
M026,Excision of rejected transplanted kidney,OPCS4,0,1,0,0
M172,Pre-transplantation of kidney work-up - recipient,OPCS4,0,1,0,0
M027,Excision of transplanted kidney NEC,OPCS4,0,1,0,0
M178,Other specified interventions associated with transplantation of kidney,OPCS4,0,1,0,0
M179,Unspecified interventions associated with transplantation of kidney,OPCS4,0,1,0,0


